,alias,x,g1,g2,y,g1hat,g2hat,yhat
0,C2H6O2,"[48.          3.61328125  5.22851562  2.66796875 14.          1.79140625
  5.80143229]",15.039685775567602,6.711838314811755,7527941.82,15.035347865461082,6.71185612139735,7521334.630970402
1,C2H6O2,"[60.          3.42578125  5.76236979  7.13411458 13.          1.14921875
  5.15690104]",14.471361434825432,1.0838661931324172,17373846.5,14.473023007231413,1.0647642254036147,17302733.007427167
2,C2H6O2,"[55.          7.69140625  4.49283854  5.43880208 17.          1.67421875
  4.87044271]",15.803284774036847,3.881790266168098,13816934.7,15.80351560042927,3.8593693283595485,13827162.530931856
3,C2H6O2,"[78.          6.66015625  5.76888021  1.33723958 15.          0.83515625
  4.34960938]",14.842732492606826,9.624850798770115,6471238.05,14.843312853032927,9.603229532719531,6490724.340509849
4,C2H6O2,"[48.          7.03515625  5.78190104  2.26692708 11.          1.27578125
  4.19986979]",13.367623168947498,5.901902245464252,7898931.44,13.363898959921027,5.908506130403489,7899264.518797675
5,C2H6O2,"[76.          7.29296875  5.18294271  7.55338542 13.          0.59609375
  5.65820312]",15.15874516883101,0.5423890395253715,20134089.5,15.159611696072778,0.5460011215427332,20079601.86646817
6,C2H6O2,"[79.          6.33203125  4.55794271  5.22005208 15.          1.51953125
  5.27408854]",15.69938516389607,3.3123125301086076,13271099.8,15.697931226288041,3.320427968423419,13226706.777810963
7,C2H6O2,"[56.          4.36328125  4.22591146  6.95182292 17.          0.21171875
  5.08528646]",15.803284774036847,0.5390329474312842,13033586.5,15.805166321662204,0.5252176666517214,13031403.263580956
8,C2H6O2,"[74.          2.01953125  5.88606771  1.11848958 13.          1.81015625
  4.40169271]",14.409717238592137,10.58337733100802,5151650.07,14.409832765438612,10.540034795507292,5161165.039301868
9,C2H6O2,"[47.          7.52734375  4.00455729  3.67057292 12.          0.38515625
  4.40820312]",16.25735763149915,2.8315175403714674,10626158.1,16.244009427848535,2.875775868505475,10613440.100015713
10,C2H6O2,"[75.          6.16796875  4.87695312  2.64973958 16.          0.83046875
  4.42773438]",15.486823686052256,5.827561909165663,8650899.26,15.485863260159554,5.864289659822612,8689869.813720819
11,C2H6O2,"[40.          7.01171875  4.66210938  2.12109375 10.          0.69921875
  5.86653646]",11.120328174584973,4.933618400445425,8242462.53,11.117954359875224,4.9367776690757905,8250226.401065076
12,C2H6O2,"[72.          7.05859375  4.66861979  3.25130208 14.          1.85234375
  4.57096354]",15.679840565374441,6.661654219480704,10840411.8,15.681403124595358,6.6898029955595275,10848208.454648085
13,C2H6O2,"[74.          1.59765625  5.69726562  3.21484375 15.          1.40703125
  5.33268229]",14.26964020301165,4.740224967568689,7566049.18,14.271161843449818,4.745654065402544,7580247.56945163
14,C2H6O2,"[56.          4.17578125  5.05924479  6.91536458 18.          1.31796875
  5.48242188]",15.077818656339108,1.8441333204812136,13928803.2,15.077130096973427,1.8582578834578825,13966939.26375934
15,C2H6O2,"[77.          5.55859375  3.84179688  6.00390625 10.          1.95546875
  5.03971354]",16.328816600772342,3.333708207662885,14128943.7,16.330382799240052,3.3510809370150065,14114982.135971755
16,C2H6O2,"[73.          4.24609375  5.43684896  3.96223958 11.          0.84921875
  3.70507812]",14.885535046902168,2.1406755176682433,9108750.86,14.8876160674594,2.145666360934805,9137229.122643366
17,C2H6O2,"[76.          3.84765625  4.74023438  1.82942708 12.          1.99765625
  5.13736979]",15.508329895260383,8.381860952648045,7431270.43,15.508283665463848,8.427551740014524,7427334.481668305
18,C2H6O2,"[72.          9.84765625  5.83398438  2.41276042  9.          1.53828125
  5.56705729]",14.891383018619429,4.51053013488277,9438143.11,14.89257493621274,4.514896304470006,9441118.089304656
19,C2H6O2,"[44.          7.10546875  3.73763021  4.32682292 20.          0.29609375
  3.81575521]",16.53361102860526,2.078215210650304,11213831.6,16.532397249697354,2.0630467005027224,11213096.013201088
20,C2H6O2,"[75.          9.16796875  4.99414062  3.88932292 11.          0.49296875
  3.67252604]",15.440061911312085,1.697064066404741,10661972.5,15.439720283862703,1.746226414323236,10649257.813277785
21,C2H6O2,"[43.          4.97265625  3.75065104  4.80078125 10.          0.51171875
  3.71158854]",16.432806322183733,2.2221869881753773,10304716.2,16.43633819849785,2.218914915349992,10321638.931600884
22,C2H6O2,"[58.          5.23046875  5.35872396  5.18359375 10.          1.38359375
  4.75976562]",14.977062333311833,2.379809593581337,11480511.3,14.978257287553948,2.34099926553006,11555259.017693933
23,C2H6O2,"[42.          4.71484375  4.47330729  7.40755208 16.          0.22109375
  5.03320312]",15.599301689408646,0.38131727782559655,13467552.1,15.59820383998386,0.40021551990420123,13468043.17090548
24,C2H6O2,"[63.          5.46484375  4.28450521  5.78515625 16.          1.48671875
  5.02669271]",15.886983804080716,3.344800369536446,13264436.9,15.885689865446773,3.3314680536727006,13260337.42304095
25,C2H6O2,"[53.          1.69140625  4.77278646  6.18619792 13.          1.24765625
  4.74023438]",14.842732492606826,2.082751765999273,11556081.8,14.839428411675785,2.065623554344067,11572384.578806048
26,C2H6O2,"[54.          5.20703125  3.93294271  7.77213542 18.          0.31484375
  3.90039062]",16.13829826023575,0.4550048716842429,13437477.1,16.135567175453332,0.4599602083805463,13435270.803327337
27,C2H6O2,"[67.          2.18359375  3.71809896  6.58723958 10.          1.54296875
  5.36523438]",15.894951974504325,2.739897105422228,12884550.5,15.892678508630473,2.7388393641749844,12860474.39726836
28,C2H6O2,"[67.          9.14453125  4.47981771  4.18098958 15.          0.52109375
  4.54492188]",15.87907862379562,2.149034242467586,12313383.1,15.881399350232586,2.1765482789784496,12301406.64838763
29,C2H6O2,"[60.          2.67578125  5.03320312  3.45182292 15.          1.37890625
  3.54231771]",15.03629018566247,5.342105498455804,8184860.35,15.03577996501155,5.37631540266228,8190829.721237965
30,C2H6O2,"[67.          5.01953125  5.63867188  7.99088542 14.          1.08359375
  4.65559896]",14.68539449795436,0.7171064423823247,19436181.4,14.686377418023197,0.7192262994209053,19384825.885429602
31,C2H6O2,"[74.          4.15234375  4.16080729  5.38411458  8.          0.45546875
  5.26757812]",15.911081358874688,1.365560404111099,11497822.8,15.909846702241211,1.3680693345027406,11505049.15952413
32,C2H6O2,"[71.          6.98828125  3.66601562  5.89453125 14.          1.72109375
  4.00455729]",16.59613138953233,4.102538692762583,14470306.7,16.59523721009386,4.087623335533045,14437264.978721723
33,C2H6O2,"[70.          3.44921875  4.12825521  2.19401042  9.          1.43515625
  3.88085938]",16.022785361175696,6.06417867345824,7488191.35,16.023198937262194,6.068517387194506,7476513.843914949
34,C2H6O2,"[43.          8.76953125  4.98111979  1.73828125  9.          1.50546875
  4.33007812]",9.62102812481927,6.573395261022182,8324750.36,9.619125427388365,6.571605609457191,8331355.138001006
35,C2H6O2,"[47.          3.35546875  5.16992188  7.60807292 10.          0.22578125
  5.47591146]",14.876826715933673,0.09429302257803669,13165725.4,14.875136933712684,0.10260387427909379,13158696.11314922
36,C2H6O2,"[43.          6.58984375  5.47591146  4.67317708 19.          0.66640625
  5.37174479]",14.958074415252831,1.7572196187395954,10680042.6,14.96099267918996,1.73403966690419,10688690.158541549
37,C2H6O2,"[53.          8.18359375  4.31705729  1.39192708  8.          1.92734375
  4.82486979]",10.616078497989722,7.132912206341223,8651415.85,10.626640484347792,7.131436118619389,8655183.463781605
38,C2H6O2,"[54.          7.99609375  4.46028646  3.19661458  9.          0.48828125
  5.43684896]",15.894951974504325,2.7891844091129787,10432625.8,15.886494275567806,2.7961621419379505,10435447.334073752
39,C2H6O2,"[62.          9.49609375  4.49934896  1.04557292 11.          0.57265625
  4.98111979]",9.166104143155035,7.35263635435053,8048229.86,9.179880675362583,7.353119081174067,8057165.756429605
40,C2H6O2,"[71.          1.97265625  3.83528646  4.58203125 14.          0.46015625
  4.68164062]",15.832916575624939,2.1929742648400845,9302467.65,15.832258867221125,2.216935743062396,9299839.116613168
41,C2H6O2,"[53.          3.68359375  4.18033854  4.61848958  9.          1.59921875
  4.35611979]",15.87123544468578,3.504980612512539,10827708.2,15.87326897282063,3.507475952768806,10817489.299908873
42,C2H6O2,"[76.          4.03515625  5.21549479  4.23567708 17.          1.57109375
  5.44335938]",15.02953340101585,4.118922470814837,10193269.7,15.029746337852224,4.1183033800116275,10181670.21679682
43,C2H6O2,"[41.          5.79296875  5.67773438  6.89713542  9.          0.20703125
  4.56445312]",14.726813346439403,-0.042089336380675024,16042963.4,14.729498390906393,-0.035209258050213244,16028155.564965704
44,C2H6O2,"[64.          5.30078125  4.52539062  6.11328125 19.          1.73515625
  5.39127604]",15.641861310971107,3.417372582152429,13931120.4,15.640959908623762,3.414199601665626,13924876.637633879
45,C2H6O2,"[66.          8.08984375  5.84049479  4.14453125 10.          0.68984375
  4.78580729]",14.754557885848449,1.6922676105393186,10548770.2,14.755405278380433,1.6956553272931707,10545002.107446358
46,C2H6O2,"[72.          5.67578125  5.92513021  5.76692708 11.          1.49609375
  4.34309896]",14.572662599612116,1.7567892321961505,16136211.1,14.572981547919657,1.7453438973446278,16103064.984647643
47,C2H6O2,"[51.          3.09765625  4.07617188  3.77994792 11.          1.00390625
  4.03710938]",15.935773973765528,4.128092502496829,9039530.49,15.932590825192626,4.137213649580144,9049984.52207292
48,C2H6O2,"[43.          5.93359375  4.53841146  2.43098958 10.          1.32265625
  4.67513021]",13.595570891634527,6.017482631344766,8736865.4,13.582224151777938,5.997409004849072,8711961.60705958
49,C2H6O2,"[67.          6.21484375  5.79492188  7.71744792 17.          1.61328125
  5.21549479]",14.647919370809735,1.3718070822483228,20364306.4,14.648708408598043,1.3727100901050664,20363538.821135506
50,C2H6O2,"[57.          1.55078125  5.07226562  4.52734375 19.          0.75546875
  4.39518229]",14.631955512767016,2.026222018606346,8824060.63,14.634542241870765,2.0408878438428255,8825146.825501556
51,C2H6O2,"[49.          2.20703125  4.92252604  7.51692708 20.          1.98359375
  3.60742188]",14.848334749996953,2.0896652358715953,14187439.4,14.84858274644801,2.092071073674827,14169927.660384066
52,C2H6O2,"[41.          3.40234375  3.59440104  7.07942708 18.          1.62734375
  5.89257812]",16.280614495002837,3.995592046297622,13992118.1,16.279816042306578,3.9880441989561835,13989928.638897397
53,C2H6O2,"[79.          5.65234375  5.72330729  4.85546875 13.          0.42265625
  3.78320312]",14.736813433769825,0.6734776575163139,10042751.2,14.737530969710503,0.6441524594879708,10042994.2042085
54,C2H6O2,"[61.          7.83203125  4.06966146  3.74348958 13.          1.82421875
  5.18945312]",16.25735763149915,5.48894366461218,11881338.0,16.256073131889455,5.524148625425484,11886990.166676313
55,C2H6O2,"[67.          2.88671875  5.04622396  1.84765625 11.          0.80703125
  4.79231771]",15.151111541767296,5.829049359171375,5882147.7,15.15133797924458,5.855041759238823,5866046.923004029
56,C2H6O2,"[47.          7.85546875  3.91992188  3.14192708 18.          0.37109375
  5.02018229]",15.753452393125768,3.9323905101831107,10266229.3,15.754129618144452,3.9565310824882527,10270193.423821716
57,C2H6O2,"[58.          1.52734375  5.93815104  5.14713542 15.          0.73203125
  5.23502604]",13.997031600647752,1.263108223087294,9886195.2,13.998674315118773,1.2751239600618112,9898653.782120058
58,C2H6O2,"[45.          5.39453125  5.36523438  4.25390625 11.          0.34296875
  5.74934896]",15.006237831701295,1.3923960976802765,9492241.66,15.016631476001312,1.3721699627752624,9492099.46958347
59,C2H6O2,"[62.          3.70703125  3.76367188  3.99869792 11.          0.88671875
  5.86002604]",16.328816600772342,3.465917178983647,9909166.72,16.324312528988226,3.4814413137261924,9894706.349692702
60,C2H6O2,"[44.          8.44140625  5.69075521  5.45703125 18.          1.43046875
  5.38476562]",14.839943089597856,2.4782021847056797,12988953.5,14.837468867579906,2.5048860859610724,13002081.614811372
61,C2H6O2,"[77.          9.68359375  4.88346354  5.63932292 18.          0.84453125
  3.64648438]",15.508329895260383,1.3033114730129618,13367679.8,15.508243977516042,1.3019089247354958,13402972.44096012
62,C2H6O2,"[61.          3.30859375  5.52148438  6.09505208 19.          0.86796875
  5.56054688]",14.65483981671457,1.2810004733721996,12254892.0,14.656006950540476,1.2961279534377286,12246142.851594744
63,C2H6O2,"[74.          6.23828125  5.33919271  3.05078125  8.          0.34765625
  5.18294271]",15.099248053583986,2.084869062952245,8481230.92,15.095072368989335,2.090717302798158,8481219.440387856
64,C2H6O2,"[69.          6.56640625  3.61393229  1.17317708  9.          1.94609375
  4.57747396]",13.440503202312911,7.796620667773801,8002442.49,13.449303698540978,7.809397743840774,8010436.636910342
65,C2H6O2,"[46.          6.82421875  4.19986979  7.69921875 13.          1.68359375
  5.84049479]",15.987067274591325,2.4594984191857123,16666399.9,15.985152482913632,2.4509660626612257,16665009.71543844
66,C2H6O2,"[61.          7.41015625  5.66471354  5.09244792 11.          1.86640625
  4.12825521]",14.842732492606826,2.8554994277846295,12813464.7,14.845855208128183,2.8512946956766716,12814781.230522132
67,C2H6O2,"[51.          1.48046875  5.57356771  1.46484375  9.          0.31015625
  5.16341146]",13.784010858892827,4.764098369359765,4436521.81,13.777859713805853,4.7704019540504925,4443552.066275575
68,C2H6O2,"[52.          3.02734375  5.50195312  1.61067708 10.          1.29921875
  4.36263021]",14.30816826671044,7.553796466575961,6145033.75,14.296873747628752,7.516971623245734,6148701.865052314
69,C2H6O2,"[45.          9.19140625  4.62955729  1.44661458 11.          1.64140625
  5.37825521]",8.739389413824101,7.41927066008802,8782592.1,8.743510867917763,7.419484720165609,8781275.91309518
70,C2H6O2,"[71.          9.33203125  3.52278646  6.78776042 10.          1.09296875
  5.52799479]",16.811242780934396,2.2395872575117273,16718451.7,16.808048176269743,2.2422643486410836,16709830.187662814
71,C2H6O2,"[58.          9.77734375  3.82226562  4.12630208 13.          0.81640625
  4.83138021]",16.5488785012961,3.7307259705464575,12834461.7,16.54723138833996,3.7236041169801894,12813838.31173248
72,C2H6O2,"[59.          2.27734375  3.57486979  6.64192708 20.          1.20546875
  5.76236979]",16.059826636837006,3.3691302132655787,12895072.9,16.058293449132186,3.3630279803667382,12894493.654897783
73,C2H6O2,"[71.          1.01171875  5.40429688  6.29557292  9.          1.16796875
  5.69726562]",14.043665855070167,1.4482070703884795,12060582.2,14.043808817969225,1.454087495090672,12055987.680419246
74,C2H6O2,"[57.          4.76171875  3.82877604  4.70963542 20.          0.63828125
  3.89388021]",16.328816600772342,2.587570661120808,10975537.3,16.32575781439104,2.5928703178564856,10989993.690113867
75,C2H6O2,"[50.          9.66015625  5.23502604  1.48307292 14.          1.97890625
  3.97851562]",9.526746929652896,9.431755147833996,8117019.63,9.528057543131368,9.44008646526985,8119384.69722484
76,C2H6O2,"[55.          8.51171875  5.32617188  3.41536458 17.          0.91015625
  5.07877604]",15.170305993905638,3.7873011215687242,9908663.62,15.170204249279053,3.796381819636893,9919694.715885047
77,C2H6O2,"[74.          3.05078125  4.59049479  7.02473958 14.          0.35703125
  4.70768229]",15.302730611463582,0.4512126893819403,12705746.3,15.304186529433377,0.4579125066937304,12717803.411954552
78,C2H6O2,"[69.          5.98046875  5.22200521  2.44921875 13.          1.81484375
  3.58138021]",15.205812691673623,7.82487718010259,8368869.9,15.203813724835584,7.820554735523493,8356244.602840774
79,C2H6O2,"[46.          3.77734375  4.61653646  5.85807292 12.          1.87578125
  5.93815104]",15.434998608497853,3.2611675240661886,12741076.4,15.435921238066339,3.262941174643984,12744779.43375577
80,C2H6O2,"[80.          5.88671875  5.11783854  3.94401042 13.          0.20234375
  3.50976562]",15.234327868627897,0.9143961695693167,8742104.37,15.234774687154356,0.9568668444618105,8749547.893976029
81,C2H6O2,"[42.          3.00390625  4.13476562  6.24088542 16.          0.35234375
  5.76888021]",15.726053414958491,1.2480240998470322,11790543.7,15.728009179198176,1.2419382051579344,11796675.516428862
82,C2H6O2,"[55.          7.71484375  4.06315104  6.40494792 13.          1.80078125
  3.52929688]",16.190666250424165,3.185854600002233,15084196.2,16.18917149277959,3.185439595503607,15075787.213942623
83,C2H6O2,"[43.          8.23046875  5.59960938  6.20442708 17.          0.43203125
  3.94596354]",14.891383018619429,0.4010587975524635,12167555.3,14.895337989528658,0.3817084278702465,12164702.695148764
84,C2H6O2,"[64.          1.24609375  4.36263021  6.84244792 12.          1.36015625
  3.83528646]",14.930251900411605,1.930847503290103,12309865.9,14.930921016954631,1.9180823465630734,12288172.070208155
85,C2H6O2,"[54.          4.33984375  5.38476562  5.42057292 20.          1.83828125
  5.05273438]",14.888454757923164,3.450967249452641,11824856.7,14.887930085750664,3.468322181353772,11836928.846549932
86,C2H6O2,"[77.          6.35546875  4.21940104  6.07682292 18.          0.54453125
  4.88346354]",15.995877905023546,1.2694350999316693,13622780.9,15.996773534469945,1.2768537222092635,13593175.49869125
87,C2H6O2,"[60.          6.28515625  3.92643229  6.22265625 13.          1.39296875
  5.00065104]",16.280614495002837,2.910802502089334,14169997.0,16.275704796154365,2.9233541100458296,14166671.64194518
88,C2H6O2,"[66.          8.41796875  4.42773438  5.60286458 13.          1.69765625
  5.59309896]",15.87907862379562,3.2429211670854516,14822275.1,15.880402109933783,3.246055988808423,14804964.207569005
89,C2H6O2,"[55.          3.73046875  5.85351562  6.56901042 14.          1.63671875
  4.74674479]",14.457964098207245,1.773813377055944,16658453.0,14.457992474714011,1.7817658006072628,16626877.381154146
90,C2H6O2,"[62.          1.83203125  5.15039062  5.58463542  8.          1.64609375
  5.63867188]",14.63422052058526,2.2926399777088937,11329555.7,14.636932814140726,2.28682406602978,11327449.463281047
91,C2H6O2,"[80.          6.47265625  5.07877604  7.29817708 17.          0.78828125
  5.20247396]",15.209836842860083,0.8251635131111714,15398897.7,15.20882982601795,0.8195372242169827,15463483.711781831
92,C2H6O2,"[53.          9.30859375  3.93945312  7.22526042 17.          1.60859375
  3.90690104]",16.353817905654406,2.743904634549169,17000063.0,16.35248608484549,2.7458129641189837,16995324.332635645
93,C2H6O2,"[55.          2.39453125  5.77539062  2.81380208 18.          1.68828125
  3.52278646]",14.457964098207245,8.194590862970152,7064354.56,14.45654582522627,8.162597998764397,7062006.200868559
94,C2H6O2,"[72.          4.10546875  4.03710938  2.90494792 17.          1.09765625
  5.61914062]",16.148554761110958,6.712264455620624,8641688.81,16.147097913698463,6.684345157494402,8651389.090114748
95,C2H6O2,"[61.          9.63671875  3.56184896  5.67578125  9.          1.66015625
  5.99674479]",16.811242780934396,2.902411635611092,15774580.3,16.80952272257132,2.9007063177439543,15780570.623232875
96,C2H6O2,"[62.          9.58984375  4.05013021  6.98828125 18.          1.74453125
  4.53190104]",16.245928934994556,3.17234628711794,16995843.6,16.243366328560416,3.1624956486362565,17006922.651826546
97,C2H6O2,"[42.          6.49609375  3.94596354  3.23307292 18.          0.49765625
  4.30403646]",15.189876095416098,4.44239660270428,9999132.64,15.181670233824677,4.554541048514855,9978653.474020734
98,C2H6O2,"[79.          5.34765625  4.86393229  6.25911458 16.          1.72578125
  4.51236979]",15.352627593699603,2.545961578775893,13878395.9,15.354142175451742,2.5392326363232023,13856374.353141319
99,C2H6O2,"[68.          6.68359375  5.31966146  6.47786458 20.          0.41796875
  3.88736979]",15.049942278824332,0.30353505444937945,12557567.1,15.050171607705654,0.3008278984124435,12571167.711247902
100,C2H6O2,"[42.          2.30078125  4.14127604  4.91015625  8.          0.69453125
  5.50195312]",15.629515472814594,2.129430261556628,9852197.46,15.629357802702618,2.131996208117468,9852113.865664056
101,C2H6O2,"[70.          5.06640625  3.87434896  7.09765625  9.          0.98515625
  4.91601562]",16.212406239650907,1.6078843354719436,14483020.5,16.210966231002637,1.6239466949655397,14472774.711976089
102,C2H6O2,"[44.          1.19921875  5.49544271  1.77473958 14.          0.97109375
  4.28450521]",13.868910386748848,8.318787232671298,4947763.03,13.870469475840487,8.289434449027077,4953656.367260863
103,C2H6O2,"[75.          1.85546875  5.97721354  3.57942708 12.          0.93828125
  3.69205729]",14.14679554988309,2.3984318494760846,7840763.55,14.147473838897746,2.4229390048587036,7833884.5986521635
104,C2H6O2,"[73.          8.67578125  3.70507812  7.35286458 11.          1.71640625
  4.18684896]",16.580131047640666,2.567972824719834,17178302.9,16.581301949523944,2.5611064718797563,17176027.246590067
105,C2H6O2,"[55.          5.53515625  4.23893229  3.56119792 16.          0.63359375
  3.75065104]",16.013735524910377,3.5432440829651592,9726569.86,16.012060909847534,3.565870342570202,9719652.100381957
106,C2H6O2,"[72.          8.81640625  5.81445312  5.73046875 15.          0.87734375
  4.18033854]",14.75711870792199,1.0259479107360034,16909676.4,14.75885976576344,1.0143286634225497,16892614.23645136
107,C2H6O2,"[70.          3.49609375  5.20247396  7.57161458 16.          1.99296875
  4.92252604]",14.868193565713577,2.086098681723986,19078675.6,14.868929519887377,2.1082319499019206,19075332.780811187
108,C2H6O2,"[71.          7.80859375  3.72460938  7.17057292 11.          0.36171875
  3.95247396]",16.53361102860526,0.7095667756572778,14407804.2,16.53412859827317,0.7147484535153206,14418614.418296373
109,C2H6O2,"[45.          7.45703125  4.79882812  5.65755208  8.          1.78203125
  5.69075521]",15.519258968090949,2.5713358228384267,13611525.7,15.520760443200269,2.58132380706988,13610006.500484737
110,C2H6O2,"[56.          1.17578125  4.91601562  7.49869792 12.          0.26328125
  4.72721354]",14.45986704929946,0.13798881263701648,11899523.6,14.460264343061796,0.14367493492279726,11909417.352598708
111,C2H6O2,"[71.          3.12109375  4.11523438  3.79817708 19.          0.65234375
  5.30013021]",15.902984146972381,3.5854338122405656,9162683.49,15.901026298056973,3.5898810208728196,9153760.587946247
112,C2H6O2,"[66.          3.80078125  5.82096354  2.50390625 14.          1.36484375
  5.90559896]",14.618472156562046,5.867248924996135,7232222.22,14.619131578171507,5.867799622521072,7230556.363839045
113,C2H6O2,"[73.          3.37890625  5.44335938  2.13932292  9.          1.17734375
  5.97070312]",14.876826715933673,4.437388410411255,6773349.0,14.87723840654405,4.436629234594482,6775753.881816149
114,C2H6O2,"[51.          4.05859375  4.08919271  4.60026042 16.          1.78671875
  3.71809896]",16.004766853186396,6.0515396990133326,10783898.7,16.007143617923983,6.042002495267373,10795929.682154076
115,C2H6O2,"[44.          2.79296875  3.69856771  7.15234375 12.          1.23828125
  4.17382812]",16.050436895751456,2.437125754001479,13040214.0,16.046866888490268,2.4249372948346504,13029550.347205633
116,C2H6O2,"[69.          9.42578125  3.77669271  2.59505208 19.          0.32890625
  5.59960938]",16.662822767969256,4.846995725727701,10562599.9,16.661196523758438,4.844763945431908,10570754.70810889
117,C2H6O2,"[78.          8.13671875  5.30664062  6.53255208 17.          0.30546875
  5.80794271]",15.10649446430151,0.36322822888723855,14503722.7,15.108210226204148,0.3413300583638992,14521134.653274514
118,C2H6O2,"[49.          5.32421875  5.35221354  4.69140625 17.          0.62890625
  4.33658854]",14.999680428976113,1.5115769555569718,10017757.3,15.003672848506394,1.520082025802935,10023661.328745954
119,C2H6O2,"[73.          1.87890625  3.67252604  1.97526042  8.          1.03203125
  3.97200521]",16.234629377805042,6.257477859008844,6365619.46,16.22965617718152,6.256113598572201,6377032.115363266
120,C2H6O2,"[46.          5.74609375  4.59700521  7.04296875 18.          1.29453125
  4.62955729]",15.581602109158526,1.9764850088938475,14588820.6,15.580716288967935,1.9742585633013698,14587623.961682973
121,C2H6O2,"[40.          6.19140625  3.98502604  3.43359375 15.          1.82890625
  5.29361979]",15.039685775567602,6.78153619263452,10352737.2,15.03252149733498,6.800560446153872,10345396.916984316
122,C2H6O2,"[52.          3.19140625  5.65820312  7.24348958 20.          0.42734375
  5.87955729]",14.510659242220521,0.33948814960748586,17022671.1,14.511400961255786,0.3382232425313543,16983176.099938672
123,C2H6O2,"[66.          7.50390625  4.85091146  2.54036458  8.          1.44921875
  4.07617188]",15.564210363939193,5.256553363104359,9401475.71,15.559070675944753,5.2680808675742306,9390470.722880436
124,C2H6O2,"[48.          1.36328125  4.81184896  4.94661458 20.          1.28984375
  5.09830729]",14.71937836488642,3.4885470647957155,9788875.86,14.719550479427324,3.4988662347481125,9773090.782024337
125,C2H6O2,"[70.          2.74609375  3.99804688  6.04036458 10.          1.15859375
  4.98763021]",15.810610814920365,2.3463674912414154,12096298.5,15.812963570000488,2.3190080240841984,12103897.79795704
126,C2H6O2,"[66.          8.01953125  4.94205729  6.16796875  8.          1.06953125
  5.58658854]",15.405145639084303,1.5600153737294193,14234374.9,15.40702179965504,1.5684635639365885,14269481.0122991
127,C2H6O2,"[52.          7.66796875  4.72070312  3.52473958 13.          1.43984375
  5.28710938]",15.641861310971107,4.807669245525274,10798791.1,15.642462080164611,4.797983317520735,10807128.30780356
128,C2H6O2,"[63.          1.92578125  5.93164062  1.75651042 12.          1.74921875
  4.31054688]",14.306532942416027,8.502012874291756,6000701.13,14.307243964324465,8.474740209635211,6003204.11637525
129,C2H6O2,"[65.          9.98828125  3.79622396  2.94140625 15.          1.55234375
  4.25195312]",16.628921215250664,7.8368884197080995,11968219.1,16.625030113414432,7.810042610729632,11975396.260633225
130,C2H6O2,"[59.          4.99609375  5.55403646  6.71484375 10.          0.25859375
  5.25455729]",14.777844846430167,0.15309318728924215,16337944.1,14.774604416081015,0.1551144201872079,16308202.119287224
131,C2H6O2,"[50.          8.25390625  5.27408854  1.20963542 14.          0.76484375
  3.62044271]",8.713901835087846,8.633262465003341,6440747.39,8.722933401929144,8.602513837971603,6442366.769785446
132,C2H6O2,"[52.          3.56640625  3.52929688  3.81640625 17.          0.61015625
  4.48632812]",16.580131047640666,4.459056868804111,9224833.9,16.578494771477423,4.444108610977121,9225090.749149993
133,C2H6O2,"[70.          9.73046875  4.01106771  4.81901042 20.          0.44609375
  5.15039062]",16.341239122798882,1.95624666400028,13722420.8,16.340669730707507,1.9596910233733646,13719717.186131762
134,C2H6O2,"[64.          7.94921875  4.73372396  3.54296875 19.          0.74609375
  3.51627604]",15.641861310971107,3.140578671277881,10646205.3,15.642098200353965,3.1468398394338473,10644661.037711464
135,C2H6O2,"[55.          5.95703125  4.64908854  5.62109375 19.          1.14453125
  4.42122396]",15.587467230095955,2.3773712200075647,12876824.0,15.591655229209094,2.354477563110373,12847236.357673908
136,C2H6O2,"[47.          9.09765625  3.90690104  7.62630208  8.          1.62265625
  4.94205729]",16.36655693207149,2.150765732376414,17236633.1,16.363649065678615,2.147566591899146,17231213.12332815
137,C2H6O2,"[59.          7.08203125  4.57096354  2.35807292 10.          1.11640625
  5.11132812]",15.788791765142385,5.522039116575751,9326685.85,15.777612816167089,5.529621556977187,9322132.751498003
138,C2H6O2,"[65.          3.82421875  3.50325521  1.79296875  9.          0.85390625
  3.98502604]",16.752973869349574,6.340900786845573,6943898.08,16.746543692253823,6.345600268139787,6947576.957418679
139,C2H6O2,"[75.          8.83984375  5.19596354  1.00911458  9.          0.91484375
  5.79492188]",10.990905686474749,6.327991408583644,6837959.32,11.008012825494056,6.325882707502558,6854028.890768458
140,C2H6O2,"[43.          3.14453125  4.54492188  3.48828125 15.          0.48359375
  3.87434896]",15.524768624746887,2.818634517254188,8213228.6,15.519861243279745,2.9025621789039415,8198996.910052789
141,C2H6O2,"[80.          8.91015625  4.64257812  5.40234375 20.          0.68046875
  5.35872396]",15.70598584947402,1.6402228251932982,14404790.1,15.705789915122912,1.6480210827631954,14406305.01072045
142,C2H6O2,"[40.          9.87109375  4.15429688  2.02994792 10.          1.41171875
  4.59700521]",9.637602499815058,7.1396098512325405,9979631.6,9.64300494703816,7.130129005083667,9970470.888864836
143,C2H6O2,"[41.          4.62109375  4.04361979  3.92578125 12.          0.23046875
  5.06575521]",16.088536745973656,2.155129582303328,9356698.12,16.083593320460427,2.177681927104178,9349196.250229284
144,C2H6O2,"[75.          6.14453125  4.27148438  6.80598958 16.          1.01796875
  5.46289062]",15.911081358874688,1.8351771720350514,15110915.3,15.91006389216933,1.8226357101783943,15135672.292814247
145,C2H6O2,"[64.          3.16796875  4.81835938  7.73567708 13.          0.75078125
  4.25846354]",15.11379376857609,0.6726146919050158,13629469.4,15.112051869772671,0.6893885340444479,13654569.964180727
146,C2H6O2,"[61.          4.08203125  5.28059896  2.95963542 10.          1.23359375
  4.15429688]",15.02953340101585,4.727807092133421,8096663.84,15.024999665411512,4.746650930049525,8080671.643006411
147,C2H6O2,"[52.          1.33984375  5.68424479  4.27213542 15.          1.47265625
  5.35221354]",14.113915851781421,3.475923343462056,8855327.66,14.11502627429117,3.463848083730291,8865920.597232942
148,C2H6O2,"[56.          6.96484375  3.97851562  6.35026042 20.          1.42578125
  5.82096354]",16.25735763149915,3.574530184814754,14912629.6,16.253258067647128,3.5666465725902863,14921290.547692232
149,C2H6O2,"[75.          4.64453125  5.42382812  3.10546875  8.          0.50234375
  5.16992188]",14.951824392737437,2.3268773140270236,8078650.88,14.955825699908395,2.320901929931395,8073674.272919778
150,C2H6O2,"[42.          4.57421875  4.37565104  4.05338542  9.          0.99453125
  4.90950521]",15.788791765142385,3.04097974709926,9938243.95,15.785135375530357,3.0466590896442822,9914372.680965025
151,C2H6O2,"[49.          3.96484375  4.14778646  6.67838542 14.          0.72734375
  5.57356771]",15.84046378204531,1.6745888166703706,13172697.9,15.840396683975047,1.6794636753903889,13187467.502694016
152,C2H6O2,"[64.          4.80859375  4.97460938  6.76953125 19.          1.01328125
  3.75716146]",15.205812691673623,1.118462539702813,12816141.8,15.205488093986524,1.118926299651545,12829615.785843357
153,C2H6O2,"[46.          5.16015625  4.21289062  3.70703125 14.          0.82578125
  4.08268229]",16.004766853186396,4.3270147193465185,9757711.8,16.01040244269501,4.261906373396412,9736903.52294389
154,C2H6O2,"[73.          2.25390625  5.26757812  4.50911458 13.          1.28515625
  3.63346354]",14.711998254524294,2.6213262665201227,9708512.28,14.71052546398372,2.6185715699406336,9701485.678807087
155,C2H6O2,"[60.          6.75390625  4.46679688  4.10807292 12.          1.26640625
  3.69856771]",15.825425903107584,4.15611956999194,11387910.5,15.823646500732355,4.162580466507405,11353936.40393381
156,C2H6O2,"[76.          8.60546875  5.56705729  4.54557292 12.          1.56640625
  4.87695312]",14.958074415252831,3.0734903332385377,12187048.0,14.954431083029835,3.0879670294589654,12189202.566583348
157,C2H6O2,"[78.          7.26953125  5.37174479  7.42578125 20.          0.37578125
  4.20638021]",15.012838517546417,0.014740338889644109,18592031.1,15.012296742238426,0.02005771633233655,18592476.638368964
158,C2H6O2,"[65.          7.24609375  3.89388021  5.74869792 10.          0.92421875
  5.99023438]",16.36655693207149,2.2663814363705836,14142001.6,16.36470146210873,2.2737129651388446,14136574.37275185
159,C2H6O2,"[43.          5.11328125  4.57747396  6.36848958 15.          1.31328125
  5.78841146]",15.575771188013821,2.505564921299184,13720082.0,15.5752902688086,2.4994441004740993,13701964.77069509
160,C2H6O2,"[54.          4.73828125  5.18945312  6.73307292  8.          1.05546875
  4.64257812]",15.02953340101585,1.2393299452131825,13069128.5,15.030484055263374,1.2406247457976702,13076640.110304035
161,C2H6O2,"[44.          3.47265625  5.75585938  1.02734375 20.          1.76328125
  3.82226562]",8.654644367471647,8.654644367471647,5185516.95,8.664131481604203,8.643560865609349,5193423.649402942
162,C2H6O2,"[68.          2.06640625  4.23242188  7.75390625 11.          1.46796875
  4.37565104]",15.347987213274587,1.8094868251011593,13970329.0,15.346088277652765,1.81223708032996,14010075.55835022
163,C2H6O2,"[75.          6.70703125  5.46289062  1.28255208  9.          1.84765625
  4.60351562]",14.502675163876281,7.42657093464136,7022514.61,14.497876184468051,7.423225657385594,7019330.705760324
164,C2H6O2,"[79.          8.62890625  5.45638021  4.43619792 10.          1.06015625
  5.45638021]",15.04651174282423,2.2956986744540466,11905111.8,15.046850519599436,2.2933462865505843,11900660.4661435
165,C2H6O2,"[49.          4.22265625  3.64648438  3.83463542 20.          1.30390625
  5.12434896]",16.518573150667535,7.6565027333984546,9751918.23,16.515462517101568,7.611814643732187,9743508.526241655
166,C2H6O2,"[78.          4.01171875  5.03971354  6.45963542 17.          0.83984375
  3.80273438]",15.08847595390697,0.9207175063239206,12157605.9,15.085500366835246,0.901007720164436,12258633.523615314
167,C2H6O2,"[77.          6.40234375  5.98372396  5.27473958 10.          1.75390625
  4.96158854]",14.574797073080557,2.378179710987465,12954255.2,14.575873171620316,2.3703462889718345,12954214.825217161
168,C2H6O2,"[48.          4.83203125  4.40820312  5.54817708 20.          0.55859375
  4.06966146]",15.732833103505206,1.428018440062631,11450318.0,15.734495203897797,1.4903501975700373,11449687.581107939
169,C2H6O2,"[44.          4.19921875  4.65559896  3.01432292  8.          1.73046875
  5.92513021]",15.502909826944334,4.288632570314168,8954805.45,15.505232014129199,4.291031959459605,8963856.880338995
170,C2H6O2,"[80.          9.70703125  3.50976562  5.71223958 10.          1.65078125
  5.77539062]",16.873118188172164,3.279275448160563,16062282.6,16.87018978063016,3.273914179034425,16058577.999667803
171,C2H6O2,"[46.          8.65234375  4.02408854  1.13671875 11.          0.31953125
  4.08919271]",7.669037735044247,6.88213773667985,7600100.85,7.6815349450346675,6.875776327288557,7606833.020545883
172,C2H6O2,"[49.          2.58203125  4.01757812  4.89192708  8.          0.73671875
  5.20898438]",15.81799092382873,2.2442921241992524,10018520.0,15.807470709320121,2.2337594983658198,10007713.828021143
173,C2H6O2,"[67.          8.46484375  5.48893229  1.41015625 10.          1.93671875
  3.86783854]",12.921872072633176,9.201468067499745,7799784.74,12.923226193394243,9.167005636857263,7802621.9774703905
174,C2H6O2,"[55.          1.64453125  5.99023438  5.69401042 16.          1.13515625
  4.84440104]",13.99105429144282,1.5118089471175145,11073034.9,13.98763006337546,1.4711010635444195,11126413.962944986
175,C2H6O2,"[68.          1.57421875  5.41080729  7.58984375 12.          1.18671875
  4.94856771]",14.301642954079357,1.0650409066164577,17376550.3,14.302886100109284,1.0533218157527147,17340543.311268948
176,C2H6O2,"[77.          6.91796875  4.10872396  3.76171875  8.          1.88515625
  5.46940104]",16.190666250424165,3.989603582388506,11850848.6,16.187375110771157,3.9954812976148246,11848400.94872613
177,C2H6O2,"[48.          6.54296875  4.71419271  7.06119792  8.          1.91796875
  4.52539062]",15.524768624746887,2.214238049522864,15228879.2,15.526204950274888,2.212896676716048,15223719.770168602
178,C2H6O2,"[76.          7.38671875  5.30013021  3.59765625 16.          1.04609375
  4.12174479]",15.154921071076012,3.468001127521514,10303814.8,15.15631737271006,3.5416783480166307,10266037.591888322
179,C2H6O2,"[51.          3.87109375  5.46940104  3.34244792 13.          1.40234375
  5.60611979]",14.853968569868496,4.397651201533713,8396771.86,14.857691612849298,4.409318446355719,8391039.444771603
180,C2H6O2,"[76.          4.48046875  5.61914062  3.98046875 17.          0.44140625
  4.19335938]",14.767428081576428,1.307712753018909,8708799.1,14.766927505384045,1.300412651568558,8679408.640728401
181,C2H6O2,"[74.          6.63671875  4.17382812  4.30859375 14.          1.22890625
  5.52148438]",16.098292921644262,4.13198755835553,11963086.6,16.098577532379835,4.105381707070079,11969827.005154444
182,C2H6O2,"[72.          6.84765625  3.60091146  4.72786458  9.          1.90859375
  3.91341146]",16.697914090737616,4.094099974038613,13170270.9,16.69461983923208,4.093492067595938,13168970.290327314
183,C2H6O2,"[52.          7.92578125  5.95117188  5.51171875 15.          1.26171875
  5.83398438]",14.641046488462536,1.9634650563024254,13229475.2,14.641853376260226,1.9543210702133713,13225149.872169808
184,C2H6O2,"[67.          6.89453125  3.58138021  3.06901042 13.          0.85859375
  5.51497396]",16.77202206689134,5.209946108646874,10524061.8,16.77176389730961,5.211788239734522,10518625.269729631
185,C2H6O2,"[74.          9.80078125  4.72721354  4.08984375 12.          0.99921875
  3.91992188]",15.673409673511536,3.030674248739689,12533448.3,15.676246988385854,2.9920405566713386,12549070.652789034
186,C2H6O2,"[77.          6.07421875  5.00065104  5.25651042 15.          1.80546875
  4.49283854]",15.307165209898248,3.3313785039378483,12625522.8,15.307717396610547,3.309962987252093,12659840.73989239
187,C2H6O2,"[68.          8.55859375  4.60351562  6.44140625 10.          0.67578125
  5.28059896]",15.70598584947402,1.1850619338895338,15232593.4,15.707523559398869,1.1604949379453546,15213326.12986727
188,C2H6O2,"[52.          9.54296875  5.24153646  7.53515625 14.          0.28671875
  5.67122396]",15.178088136559492,0.1879740809162843,15714692.8,15.177750817998497,0.19310855243736258,15724158.628056346
189,C2H6O2,"[71.          5.58203125  4.88997396  3.72526042 19.          0.21640625
  5.58007812]",15.414997937796734,1.5918952471334509,9457364.98,15.416463239034217,1.6208060067133523,9449304.191124674
190,C2H6O2,"[77.          7.15234375  4.98763021  5.36588542 12.          0.98046875
  4.68815104]",15.3572896076727,1.8221914087961608,12589920.4,15.358746449487025,1.7893909173801625,12644537.509073446
191,C2H6O2,"[62.          9.26171875  5.59309896  7.86328125 16.          1.85703125
  3.96549479]",14.897265390682884,1.4163767013563693,21591537.6,14.89887603928879,1.4261142442483612,21556468.913509324
192,C2H6O2,"[41.          9.82421875  3.73111979  7.44401042 18.          1.56171875
  3.79622396]",16.580131047640666,2.9646135380472383,17157589.8,16.578102931567585,2.9585776733339957,17144463.13680722
193,C2H6O2,"[41.          9.47265625  4.08268229  4.87369792  9.          1.55703125
  4.62304688]",15.746531949477928,3.3326232181710704,13718761.8,15.741939006803406,3.341407954528477,13725241.264499102
194,C2H6O2,"[49.          5.37109375  3.91341146  7.91796875 12.          1.45859375
  5.54101562]",16.16938885058006,2.309896341850291,15998495.8,16.16794426082811,2.31465278866158,16000514.386688236
195,C2H6O2,"[50.          6.44921875  3.63346354  4.07161458 16.          1.15390625
  4.55794271]",16.662822767969256,5.96793419595491,11166980.8,16.658334862302947,5.967006836047709,11154426.905248791
196,C2H6O2,"[54.          9.89453125  4.34960938  3.30598958 10.          0.70390625
  5.05924479]",15.987067274591325,3.624084000384617,11583679.0,15.984456756687639,3.6218965195371684,11574757.505798066
197,C2H6O2,"[48.          2.11328125  4.94856771  6.55078125 20.          1.48203125
  5.19596354]",14.831621263186893,2.3869562221608205,12454118.0,14.83062613259875,2.3819953566446816,12501147.481053317
198,C2H6O2,"[60.          3.23828125  4.89648438  7.48046875 12.          1.12109375
  5.65169271]",15.07077637152236,1.395067339778904,14359695.8,15.067413002868857,1.4052378945150563,14424950.174464826
199,C2H6O2,"[72.          6.26171875  5.58658854  6.86067708 12.          0.96171875
  5.82747396]",14.820632137616325,1.0615768759221165,18598347.4,14.821777829472738,1.0742186677140193,18589437.061443716
200,C2H6O2,"[78.          9.94140625  4.44075521  2.24869792 11.          1.07890625
  3.84830729]",16.041134501320556,6.404204372079946,10761278.1,16.03754199822707,6.388543766352727,10750511.859825574
201,C2H6O2,"[46.          1.22265625  4.70768229  7.26171875 16.          0.81171875
  4.06315104]",14.643332204932484,0.9868495522050019,12011133.7,14.645366040611158,0.9577093334753641,12064418.197374966
202,C2H6O2,"[59.          1.62109375  4.51888021  6.93359375 15.          0.95234375
  5.17643229]",14.986693229456323,1.5531509494001008,12549324.7,14.987732676832454,1.552928905462218,12564113.559177656
203,C2H6O2,"[50.          4.12890625  5.39127604  4.21744792 15.          0.72265625
  3.74414062]",14.903182569543823,1.8614954953774954,9079699.63,14.895978332827733,1.884660574318442,9058094.142783143
204,C2H6O2,"[71.          2.55859375  5.91210938  2.37630208 17.          0.33359375
  4.01757812]",14.413347008741452,2.658530014516871,6242753.57,14.414071926098675,2.6763866511002945,6246931.777591114
205,C2H6O2,"[76.          4.50390625  3.55533854  5.94921875 11.          0.23515625
  4.59049479]",16.5488785012961,1.05271542343812,12021344.7,16.548022294501624,1.0551924398078039,12011451.571469726
206,C2H6O2,"[57.          1.78515625  4.09570312  6.82421875 16.          0.52578125
  4.97460938]",15.40025565292816,1.171808843225086,11935494.1,15.39784533855391,1.167114626515756,11928579.867215417
207,C2H6O2,"[47.          8.39453125  5.72981771  7.20703125 13.          1.98828125
  4.32356771]",14.783094204167936,1.8799549253064192,19907506.8,14.785983954021864,1.8831008287340154,19884862.17888863
208,C2H6O2,"[65.          4.69140625  5.29361979  2.79557292  8.          0.93359375
  5.94466146]",15.067273740070588,3.388615124104928,8008638.99,15.06989602588941,3.3587530598673334,8011615.171396631
209,C2H6O2,"[79.          2.53515625  5.60611979  7.68098958 19.          1.77734375
  4.14127604]",14.426155974078647,1.3656536089923053,18437230.9,14.427415937713583,1.3746262040597512,18405627.633303173
210,C2H6O2,"[50.          3.58984375  3.78320312  4.74609375 11.          0.57734375
  5.53450521]",16.245928934994556,2.459292001662698,10412243.6,16.246363001323004,2.437129516974188,10397003.671303183
211,C2H6O2,"[41.          6.30859375  4.74674479  1.10026042  9.          1.46328125
  3.73763021]",7.4399087933051495,7.070886155918527,6751507.22,7.4532877729824705,7.075185503695316,6761605.3141652625
212,C2H6O2,"[45.          7.97265625  4.87044271  4.36328125 18.          0.71796875
  4.64908854]",15.481518632972541,2.4000238084317354,11033885.1,15.47871753595445,2.3675373297326274,11020610.144370563
213,C2H6O2,"[65.          3.51953125  4.85742188  5.98567708 11.          0.46953125
  4.31705729]",15.193836497520747,0.7925790491129175,10928037.9,15.19705135444981,0.7915370651845199,10948089.458255252
214,C2H6O2,"[62.          8.79296875  5.12434896  7.93619792  8.          1.10234375
  5.14388021]",15.246802045960568,0.9866767917381861,21482187.9,15.24847171848512,0.98903627277247,21452837.423841283
215,C2H6O2,"[51.          1.45703125  5.43033854  6.87890625 18.          0.29140625
  3.67903646]",14.258676891177338,0.00042294000630447567,10538066.9,14.259246554119978,0.0010938702215748108,10581440.220917989
216,C2H6O2,"[65.          6.37890625  5.44986979  6.31380208 13.          0.66171875
  4.71419271]",14.939440329545164,0.7858725886634541,13058800.3,14.9393280273458,0.7727107070533275,13088162.431858359
217,C2H6O2,"[40.          7.64453125  5.71679688  6.60546875 13.          0.27265625
  5.72330729]",14.775230464639828,0.2686152853232232,13470945.9,14.777522893509778,0.2638005183963541,13487645.498640908
218,C2H6O2,"[49.          7.48046875  4.30403646  5.47526042 20.          1.21953125
  5.32617188]",15.969675529409306,3.435287287312663,13570596.2,15.969427756918426,3.4281587147968917,13583131.217028912
219,C2H6O2,"[40.          4.59765625  4.53190104  5.31119792 11.          1.96484375
  4.47981771]",15.611277882781806,3.6783082186484677,12079055.2,15.612626006219235,3.671861780588734,12098272.057728074
220,C2H6O2,"[40.          8.69921875  5.87955729  3.37890625 18.          0.45078125
  4.88997396]",12.86539569160097,2.011698594276083,9188814.36,12.867041497697056,2.0238263913766925,9190568.3201432
221,C2H6O2,"[78.          4.87890625  5.16341146  7.84505208 15.          0.54921875
  3.82877604]",15.032906086773588,0.1429847851267296,18086327.5,15.034117439512757,0.16270648020534395,18008213.60894443
222,C2H6O2,"[61.          9.07421875  5.02669271  5.00130208 18.          1.50078125
  5.01367188]",15.385727549237666,3.442458920243634,12922932.7,15.387505700437169,3.4388451999401313,12928454.276927331
223,C2H6O2,"[62.          5.86328125  4.19335938  4.47265625 12.          1.35546875
  5.66471354]",16.041134501320556,3.8758308137231845,11737285.4,16.0578948259453,3.846218829254549,11758773.016318124
224,C2H6O2,"[49.          3.28515625  5.99674479  6.14973958 20.          0.53515625
  3.58789062]",14.319691034986334,0.3484497008598764,13735535.8,14.319572658900114,0.32214657742867914,13711580.788859516
225,C2H6O2,"[46.          7.22265625  3.88736979  3.90755208 10.          1.87109375
  5.04622396]",16.379460337537694,4.971889850828722,11675605.0,16.380092443797757,4.959119871087173,11680985.367127173
226,C2H6O2,"[44.          2.65234375  4.35611979  7.82682292 16.          1.22421875
  3.66601562]",15.390546836536952,1.4583728547455865,13161500.0,15.387892203804082,1.4827460863353719,13163042.884059982
227,C2H6O2,"[52.          9.51953125  5.65169271  7.18880208  9.          0.64296875
  5.74283854]",14.868193565713577,0.5899948192983742,19866434.3,14.871102330978422,0.5899616371924528,19864169.35907405
228,C2H6O2,"[46.          5.13671875  3.88085938  3.39713542 14.          1.84296875
  5.71028646]",16.341239122798882,6.667700965785893,9945147.99,16.34215328322772,6.688488491613432,9959920.018565938
229,C2H6O2,"[77.          6.12109375  3.75716146  7.88151042 13.          0.82109375
  4.81835938]",16.392532421186434,1.3280290278896274,16012957.8,16.390205598591706,1.3242091486089655,16060585.183206331
230,C2H6O2,"[41.          2.91015625  5.67122396  5.91276042 13.          1.19140625
  5.39778646]",14.496728661636645,1.767877453098089,11572840.0,14.498696261267247,1.7696315294934706,11572832.457123844
231,C2H6O2,"[74.          9.96484375  4.68164062  4.41796875 17.          1.37421875
  5.43033854]",15.712630393006426,4.028763508872658,14014864.5,15.711707277579952,4.029948434346903,14016733.725763354
232,C2H6O2,"[66.          1.38671875  5.96419271  5.07421875 16.          0.58671875
  5.68424479]",13.923094870613816,1.0895542039007151,9902682.93,13.924399609911111,1.093121944456668,9919647.801878015
233,C2H6O2,"[48.          7.73828125  4.29752604  4.39973958 16.          1.47734375
  3.92643229]",16.013735524910377,5.286512237022805,12204966.3,16.011378361052827,5.276491447131265,12206827.755121533
234,C2H6O2,"[65.          2.44140625  3.62695312  6.51432292 16.          0.39921875
  4.46028646]",16.059826636837006,1.2052944646394375,11669056.9,16.057465243077118,1.2104334378027306,11659845.531725999
235,C2H6O2,"[65.          8.27734375  4.03059896  5.12890625 19.          1.39765625
  5.81445312]",16.280614495002837,4.350770040681281,13973922.5,16.279812882320787,4.358735836100274,13961087.21171186
236,C2H6O2,"[58.          5.72265625  4.62304688  5.52994792 20.          1.63203125
  5.24804688]",15.605271857224993,3.8248887037913772,13102252.7,15.609096737685629,3.812636932459941,13081124.10462696
237,C2H6O2,"[46.          6.80078125  4.92903646  4.65494792 18.          1.42109375
  5.73632812]",15.410059654747323,4.063903052230285,11503655.7,15.411921483596782,4.065846069611338,11499770.46320006
238,C2H6O2,"[79.          9.40234375  4.70117188  4.78255208 12.          0.65703125
  5.11783854]",15.673409673511536,1.8340344540347844,13346142.5,15.676677248160527,1.8464648167316169,13340397.18007135
239,C2H6O2,"[63.          7.90234375  5.82747396  2.48567708 19.          1.58046875
  5.97721354]",14.820632137616325,7.417505550281777,8616571.66,14.820874495742068,7.399670029121392,8625413.32730544
240,C2H6O2,"[80.          1.31640625  4.82486979  4.98307292 13.          0.98984375
  5.85351562]",14.683010705666588,2.288797280458854,10230727.8,14.683961990484496,2.2860583395734997,10232595.290405057
241,C2H6O2,"[45.          6.02734375  3.53580729  4.96484375 17.          0.40390625
  5.00716146]",16.734281735880508,2.3734387156440966,11715483.7,16.736725360920737,2.3620775552748086,11715284.048385426
242,C2H6O2,"[78.          2.83984375  3.63997396  3.68880208 10.          1.76796875
  4.38867188]",16.353817905654406,5.321461101010847,9720987.37,16.35267017811239,5.2919805356533836,9725161.607234502
243,C2H6O2,"[78.          9.91796875  4.75976562  7.11588542 18.          1.13046875
  4.50585938]",15.593366953056977,1.3568161906478162,16642726.7,15.593240819599542,1.3592875125612742,16613500.005368702
244,C2H6O2,"[68.          9.28515625  5.78841146  4.03515625 12.          0.86328125
  3.86132812]",14.82336811835791,1.9672392576548652,10863460.8,14.823015460556068,1.9870116997321075,10864191.317308383
245,C2H6O2,"[72.          4.90234375  4.44726562  7.46223958 18.          0.60546875
  5.67773438]",15.641861310971107,0.9356878013798337,15125796.9,15.641702870306496,0.942941374180303,15111227.369137626
246,C2H6O2,"[42.          2.08984375  5.00716146  6.66015625 11.          1.12578125
  4.09570312]",14.780466080836048,1.45901817317908,11626053.0,14.78270591876856,1.4753619117249825,11607300.159596354
247,C2H6O2,"[61.          6.00390625  3.69205729  4.19921875 10.          1.28046875
  5.34570312]",16.580131047640666,4.005439565583836,11444601.9,16.58454930963618,3.9843278997910705,11430030.048113508
248,C2H6O2,"[73.          1.43359375  4.67513021  2.61328125  8.          1.33671875
  3.77669271]",15.022821964617895,5.224489057971944,7034731.92,15.027263809441678,5.2257937781533705,7027219.731730683
249,C2H6O2,"[75.          2.16015625  4.40169271  6.97005208  9.          0.68515625
  4.41471354]",15.263680087738036,0.9463195113180708,12340553.0,15.263849823542044,0.9390830333824907,12341640.596161578
250,C2H6O2,"[80.          1.76171875  5.26106771  5.82161458  8.          0.89609375
  4.73372396]",14.520729825722869,1.2567063717887916,11044072.8,14.522709512082407,1.2624459246775417,11046193.001063056
251,C2H6O2,"[77.          2.37109375  5.90559896  5.11067708 19.          1.07421875
  3.61393229]",14.261797020598427,1.4054706803800112,10226688.2,14.263566183556279,1.4226222927950596,10223162.1944
252,C2H6O2,"[69.          3.75390625  5.94466146  4.34505208 20.          0.77421875
  5.91210938]",14.461773628727839,1.8688780316771763,9892995.53,14.462447606131299,1.869158628780945,9908850.41098657
253,C2H6O2,"[42.          2.60546875  4.79231771  4.29036458 19.          0.90546875
  5.91861979]",15.17418949525352,3.3863767942994976,9333340.09,15.17542540986364,3.388573141776055,9335591.08382915
254,C2H6O2,"[70.          2.32421875  5.01367188  2.92317708 12.          1.11171875
  4.61002604]",15.016155271078368,5.053709956746225,7386236.9,15.016110663675937,5.059217382743056,7388408.603880171
255,C2H6O2,"[55.          1.10546875  5.89908854  7.00651042 16.          1.57578125
  5.31315104]",13.772450024497923,1.6106015213188476,16431729.1,13.776397808225235,1.6353461093776043,16376236.492788818
256,C2H6O2,"[50.          3.26171875  4.05664062  5.49348958  9.          0.28203125
  4.49934896]",15.886983804080716,1.1310170270764732,10372496.1,15.891580055908083,1.140772130541933,10376277.107053377
257,C2H6O2,"[73.          4.26953125  5.80794271  2.17578125 14.          0.89140625
  4.72070312]",14.678260100778951,6.047729059971265,6737563.82,14.678474537875855,6.054123934309027,6718077.524961494
258,C2H6O2,"[54.          9.02734375  5.52799479  3.63411458  8.          1.79609375
  3.57486979]",15.019483062446447,4.124070121882734,10831217.2,15.013968535207141,4.119918790184106,10828033.58203129
259,C2H6O2,"[79.          2.23046875  4.27799479  6.75130208  8.          1.96953125
  5.48893229]",15.395389462413693,2.364827669882811,13703210.0,15.393505332685915,2.3651588750010686,13696992.301013209
260,C2H6O2,"[49.          1.26953125  4.51236979  5.32942708  8.          0.79296875
  4.21289062]",14.882623835453831,1.7944634402552637,9585779.38,14.889144557895095,1.7958258707939259,9590689.282706467
261,C2H6O2,"[63.          3.89453125  5.63216146  5.83984375 18.          1.91328125
  5.75585938]",14.650220868732738,2.934958098467044,12855916.5,14.651124592511486,2.943795880950358,12872676.38417253
262,C2H6O2,"[53.          5.91015625  4.43424479  7.27994792  9.          1.00859375
  3.50325521]",15.732833103505206,1.181043661571195,13809715.8,15.731173006795704,1.1771485568000934,13809499.638033606
263,C2H6O2,"[48.          5.18359375  5.71028646  4.45442708 14.          0.36640625
  4.23242188]",14.731800889809593,0.9700699194502272,8970389.01,14.73664547141852,0.9426184220522869,9003418.263094846
264,C2H6O2,"[61.          2.93359375  4.25846354  2.74088542  8.          0.90078125
  5.30664062]",15.803284774036847,4.029340173062959,7657884.15,15.80186039230199,4.031062385609363,7659541.698022877
265,C2H6O2,"[64.          7.36328125  3.68554688  6.49609375 10.          1.66953125
  4.96809896]",16.580131047640666,2.9907316497308503,15321397.1,16.578055830612684,2.9866608893523603,15320689.889991764
266,C2H6O2,"[50.          3.66015625  4.84440104  7.64453125 19.          0.79765625
  4.16080729]",15.166437516237373,0.7945983094010564,13488724.0,15.165480786966729,0.7806266267150428,13518053.707620857
267,C2H6O2,"[56.          5.81640625  5.14388021  1.55598958 16.          1.88046875
  3.59440104]",13.372106052506414,12.798467158000562,7031446.2,13.380229846908792,12.782788667688838,7032155.750437954
268,C2H6O2,"[60.          1.15234375  5.13085938  3.36067708 16.          1.21015625
  5.62565104]",14.444743879733963,4.968151748278017,7465458.3,14.445693212386969,4.956886110222166,7459317.920145395
269,C2H6O2,"[78.          8.32421875  3.65950521  6.05859375 17.          0.88203125
  5.55403646]",16.645728334096614,2.4959655838016097,15261994.8,16.641541671299933,2.494495405778441,15246272.375725737
270,C2H6O2,"[54.          1.50390625  4.61002604  4.01692708 17.          0.71328125
  3.55533854]",14.999680428976113,2.5987733994667974,7978354.88,15.001269003227058,2.627957722475694,7951883.417304261
271,C2H6O2,"[46.          1.03515625  5.74934896  7.97265625 18.          1.51015625
  4.76627604]",13.810522011454353,1.222445143554882,17695688.7,13.81213987009696,1.2309556480654353,17659566.229542103
272,C2H6O2,"[62.          4.52734375  3.90039062  1.06380208 12.          0.78359375
  3.60091146]",12.44610413150394,10.469867982476645,5955618.34,12.455735006560946,10.45671914937095,5970416.473910991
273,C2H6O2,"[44.          3.21484375  5.06575521  2.55859375 10.          0.92890625
  4.38216146]",15.053384623917951,5.043161287846635,7045259.22,15.053920253765844,5.05851629357139,7040820.53587554
274,C2H6O2,"[63.          4.45703125  4.75325521  6.13151042 16.          0.67109375
  3.78971354]",15.380931376109528,1.006206957826661,11626539.2,15.383185957553678,0.9854437951410842,11623964.646618763
275,C2H6O2,"[63.          3.07421875  5.50846354  2.83203125  8.          1.86171875
  5.95117188]",14.759686104354788,4.236206077648132,7886383.92,14.755884607535032,4.25590698133627,7873613.274854507
276,C2H6O2,"[57.          5.76953125  5.54101562  3.26953125 10.          1.10703125
  4.29101562]",14.918130535887414,3.744565811293403,9014043.41,14.925942350326238,3.7568809698850503,8990328.752342515
277,C2H6O2,"[79.          6.61328125  5.74283854  1.70182292 12.          0.94296875
  4.45377604]",14.90021960349699,7.166508462568817,7187244.8,14.900985527410834,7.144854234307235,7169954.642922983
278,C2H6O2,"[54.          1.29296875  5.61263021  3.50651042 12.          0.96640625
  3.99804688]",14.175046036153448,3.1292009840810566,7545254.76,14.181720098984506,3.148539006752415,7523895.5833724
279,C2H6O2,"[62.          7.62109375  3.95898438  7.31640625  8.          1.70234375
  4.21940104]",16.26891845457378,2.2409514177236933,16245357.8,16.266823551760346,2.2388815166372957,16262481.061354566
280,C2H6O2,"[41.          5.51171875  3.60742188  2.68619792 17.          0.50703125
  3.53580729]",14.34483906430265,7.740746482953237,8486365.05,14.350512518272083,7.648034345068101,8503686.08990299
281,C2H6O2,"[41.          9.12109375  5.33268229  4.49088542 13.          0.47890625
  3.72460938]",14.690179198207957,1.265574912969509,10262587.0,14.684825784032844,1.2922992018993797,10269036.653832795
282,C2H6O2,"[53.          4.92578125  5.73632812  2.99609375 14.          0.38046875
  3.68554688]",14.739329159296105,2.0089902039546295,7362277.47,14.74033479493654,2.037116444412125,7369767.478777404
283,C2H6O2,"[73.          9.37890625  4.33007812  2.01171875  8.          1.49140625
  5.22851562]",16.128145888057812,5.618757899238356,10418217.1,16.114879048934483,5.615944374119493,10402197.103070792
284,C2H6O2,"[65.          8.37109375  5.41731771  5.29296875 15.          1.02265625
  5.70377604]",15.049942278824332,1.937352113899608,12958968.8,15.051422893964427,1.931637442972879,12974757.941149464
285,C2H6O2,"[40.          6.05078125  5.56054688  7.38932292 11.          1.25703125
  4.29752604]",14.815182530700387,1.1341970995553239,18318998.6,14.814823740993864,1.1310585775451711,18290427.68954874
286,C2H6O2,"[45.          6.77734375  5.58007812  2.30338542 13.          0.24453125
  5.26106771]",12.896820195504134,3.0474678870140055,7247170.68,12.891620347223718,3.060904057272667,7245574.658863922
287,C2H6O2,"[43.          5.41796875  5.09179688  6.38671875  8.          1.13984375
  5.41731771]",15.166437516237373,1.5854529080743973,13022382.0,15.166850056651816,1.5756546199186445,13026709.751321947
288,C2H6O2,"[56.          4.78515625  3.80924479  3.28776042 15.          1.81953125
  5.88606771]",16.419200669518442,6.671499676964905,9787002.48,16.417946129420855,6.698949060495796,9770930.579065975
289,C2H6O2,"[63.          7.31640625  4.83138021  6.33203125 19.          0.55390625
  5.64518229]",15.470992217699534,1.055114361730721,13973188.0,15.47081816895407,1.060958855450013,13974535.249985885
290,C2H6O2,"[54.          7.76171875  5.05273438  2.52213542 14.          0.53984375
  3.84179688]",15.197812646788051,4.398480010557747,8398977.71,15.192352688852294,4.415427584262238,8391918.165910121
291,C2H6O2,"[57.          8.34765625  4.10221354  5.93098958 14.          0.25390625
  3.77018229]",16.190666250424165,0.7498619819978851,12769337.4,16.192696813313887,0.7451219567214133,12778988.345420325
292,C2H6O2,"[63.          1.99609375  4.41471354  4.92838542 18.          0.61484375
  4.89648438]",15.298315592379982,1.9770378140362794,9816542.01,15.297349464208793,1.976323913557606,9816257.023294104
293,C2H6O2,"[79.          8.93359375  5.80143229  1.90234375 11.          0.94765625
  4.47330729]",14.939440329545164,5.8097917128186936,8243972.74,14.938405356014842,5.826154001952416,8260535.432712929
294,C2H6O2,"[59.          3.98828125  5.86653646  7.80859375 11.          0.95703125
  5.22200521]",14.444743879733963,0.6565301117961184,18606767.5,14.44773897067139,0.6709427429590589,18596984.796832405
295,C2H6O2,"[58.          9.23828125  5.64518229  5.56640625  9.          1.77265625
  4.27148438]",14.89431987920943,2.3073727861575346,13687376.8,14.894445509936961,2.315106892685719,13681457.690039905
296,C2H6O2,"[59.          1.73828125  4.76627604  6.27734375 17.          0.38984375
  4.66210938]",14.862479262611462,0.7042968242979246,10925274.1,14.862677792916273,0.7019151650616746,10927558.957176266
297,C2H6O2,"[70.          3.33203125  3.62044271  2.04817708 10.          1.52421875
  4.92903646]",16.564382690113092,7.172795482179911,7324180.66,16.559822496832115,7.16824755963835,7320206.439132306
298,C2H6O2,"[49.          9.75390625  4.63606771  2.77734375  9.          1.33203125
  4.58398438]",14.153783703474298,4.7010584977872885,11102776.4,14.15229469735603,4.697196144733052,11103235.77400937
299,C2H6O2,"[51.          2.51171875  4.38867188  1.19140625  9.          1.06484375
  5.78190104]",11.974478544406963,6.284023012232496,5204411.13,11.984070917744118,6.296623735329513,5204002.033842476
300,C2H6O2,"[58.          5.48828125  5.86002604  7.37109375 16.          0.30078125
  4.43424479]",14.572662599612116,-0.12738899280497293,17150215.1,14.572740303706004,-0.135664046071859,17150240.25819254
301,C2H6O2,"[68.          5.27734375  3.96549479  6.42317708 13.          1.30859375
  5.13085938]",16.158917550004926,2.578159281613002,14050852.8,16.161176763458297,2.5747962980810333,14021145.834154004
302,C2H6O2,"[56.          3.54296875  4.48632812  2.15755208 14.          1.17265625
  3.85481771]",15.692827762536092,8.738521584956139,7006253.19,15.687901854944224,8.712120855291925,7011322.819508116
303,C2H6O2,"[52.          5.08984375  4.26497396  5.96744792 14.          1.35078125
  4.05013021]",15.87123544468578,2.7715045230417545,13130210.5,15.87572842202419,2.764100060195867,13137512.360820247
304,C2H6O2,"[76.          9.61328125  4.45377604  5.87630208 15.          1.61796875
  4.70117188]",15.87907862379562,3.0196820392805894,15728729.8,15.881128034856063,3.0157802897407926,15725482.484458735
305,C2H6O2,"[74.          2.76953125  4.32356771  7.95442708 11.          0.39453125
  3.65950521]",15.440061911312085,0.2005390195612172,12683219.1,15.439607592151933,0.20859893713473632,12688223.975355892
306,C2H6O2,"[64.          2.13671875  5.09830729  6.62369792 11.          1.88984375
  4.36914062]",14.726813346439403,2.2589443159566325,12825882.4,14.724824579653868,2.256962063957317,12846853.805528205
307,C2H6O2,"[76.          2.46484375  3.80273438  5.20182292 15.          1.75859375
  4.61653646]",15.978333593868157,4.587190534693792,11225366.1,15.976568750566107,4.571524343811781,11207683.785802525
308,C2H6O2,"[60.          8.88671875  5.10481771  6.02213542 14.          1.25234375
  3.63997396]",15.298315592379982,1.6678514320702498,13750402.6,15.298336234683422,1.6628261482369893,13782645.895727986
309,C2H6O2,"[64.          1.05859375  4.58398438  7.66276042 11.          1.58515625
  4.10221354]",14.622946438830281,1.736443293968486,13369241.8,14.62460589423822,1.746573961761072,13363668.166232087
310,C2H6O2,"[58.          6.73046875  4.83789062  5.03776042 19.          1.59453125
  4.13476562]",15.476241575020099,3.67040513875455,12466973.5,15.474577589943326,3.6876766924146676,12475613.18292824
311,C2H6O2,"[43.          8.20703125  3.56835938  7.79036458 11.          1.44453125
  5.89908854]",16.697914090737616,2.3922598899932432,17341490.8,16.69716940456337,2.390856390593382,17338238.65729025
312,C2H6O2,"[42.          8.95703125  3.67903646  2.72265625 17.          0.64765625
  4.77278646]",12.775231016301868,6.9812732357662926,10035654.3,12.77960546145823,6.941025357997508,10037772.643966375
313,C2H6O2,"[79.          7.12890625  5.02018229  4.76432292  8.          1.51484375
  4.86393229]",15.343368266548566,2.671683764215391,12164327.2,15.34565788619792,2.671191874043123,12167586.471024007
314,C2H6O2,"[59.          2.62890625  4.80533854  5.80338542 18.          1.52890625
  5.96419271]",15.09564444518305,3.120582576492368,12066833.6,15.094157339421443,3.1060799582992997,12059145.89186692
315,C2H6O2,"[68.          4.29296875  4.55143229  6.69661458 14.          0.97578125
  3.93945312]",15.51377950087298,1.340973612102973,13182320.6,15.514847932761215,1.3528801118653382,13211371.082138367
316,C2H6O2,"[41.          2.69921875  4.24544271  3.16015625 20.          0.59140625
  3.56835938]",15.71931938196846,4.4676108436349375,7590801.83,15.715606760481178,4.475559918663161,7591825.37189802
317,C2H6O2,"[50.          4.94921875  4.39518229  5.05598958  8.          0.33828125
  5.95768229]",15.774505805504045,1.3399917638180925,11248243.9,15.779162716721062,1.3358584757156777,11259345.887520222
318,C2H6O2,"[55.          9.55642876  5.32998485  5.19060939 10.          0.48079014
  3.64520903]",15.147316469905878,0.8296962705550748,11363902.3,15.153237275082818,0.833502457979792,11384863.090508552
319,C2H6O2,"[75.          6.41003511  5.27018144  1.14409146 20.          1.69839675
  4.03084778]",13.721108783538181,13.721108783538181,6710055.69,13.723221638350772,13.693419447492747,6715295.99456988
320,C2H6O2,"[47.          2.65064059  4.26060561  4.67329502 13.          0.72421245
  5.02963224]",15.62339924497159,2.617840746449247,9705932.87,15.624184154504585,2.6487843706110534,9700490.662792912
321,C2H6O2,"[45.          3.62930184  4.41590461  4.19248989 18.          0.55941281
  4.7855861 ]",15.667019874594086,2.5814356207651836,9434168.68,15.663048850561566,2.5594699930557345,9427235.519309413
322,C2H6O2,"[64.          1.41805371  5.01886213  2.19366887  8.          1.90799397
  5.91408008]",14.775230464639828,5.150834775367434,6521432.07,14.777448231386074,5.150780980564818,6531121.875111253
323,C2H6O2,"[73.          3.74152392  3.74418029  5.78963119 13.          0.41966882
  4.73794228]",16.25735763149915,1.4341650475666206,11675984.2,16.256513486861202,1.426739745156,11654894.413497845
324,C2H6O2,"[41.          9.18388362  4.14694995  5.63765599 12.          1.13612244
  4.8667757 ]",16.088536745973656,2.8504002784887743,14256510.9,16.091295554971666,2.832533847655548,14249192.25929652
325,C2H6O2,"[47.          9.72626165  5.43783206  7.57649259 19.          1.27621996
  5.80468559]",15.02953340101585,1.4216952974536756,21458154.6,15.029910860410677,1.4202428267434244,21438367.870741136
326,C2H6O2,"[43.          2.76384576  3.61306822  3.27731232 13.          0.68842826
  5.57184377]",16.392532421186434,4.74353362549276,8349056.49,16.393596917305345,4.722787819904745,8356881.789017885
327,C2H6O2,"[54.          3.52841059  4.85674021  1.98646957 18.          0.33419116
  5.96721734]",15.361973458372395,5.342976493515443,6170827.49,15.361340435012929,5.348409927651924,6177221.630568982
328,C2H6O2,"[71.          2.78844113  3.51380529  6.70823    17.          1.5122129
  5.42817587]",16.25735763149915,3.5395524708046477,13438942.0,16.253172887363355,3.5122423053442033,13448884.148758305
329,C2H6O2,"[43.          4.22619156  3.78967265  7.04172398 16.          0.79561644
  3.65889588]",16.212406239650907,1.565161958058087,12630704.3,16.216355163889478,1.5324773551485527,12630045.43472394
330,C2H6O2,"[52.          3.9266499   5.32401545  5.4629023  19.          1.04998687
  3.79898561]",14.89431987920943,1.6469961269302316,10736970.0,14.894618173980387,1.656303782052643,10739869.764144765
331,C2H6O2,"[69.          7.84706544  4.90319299  6.39677026 14.          1.14091909
  4.56885255]",15.429960813050878,1.6328641505382357,14319732.5,15.428035899467226,1.6484517070295694,14380425.340274727
332,C2H6O2,"[41.          1.97102284  3.57857296  5.45487288 12.          1.11542724
  5.76891618]",16.022785361175696,3.4279792023963633,10816024.2,16.022080020709588,3.4229752336831614,10816460.63473683
333,C2H6O2,"[50.          4.69344631  5.38887785  2.60158716  9.          0.72155262
  3.90305322]",14.989924250946206,3.8198032138886595,7347335.59,14.970864689924783,3.8458217436692204,7329883.028397117
334,C2H6O2,"[78.          8.27308342  5.08350939  7.10022413 18.          0.53582611
  5.7313975 ]",15.280847895350178,0.6253050024738127,15705604.2,15.282383368625334,0.6420110069180458,15721426.863404546
335,C2H6O2,"[73.          8.74657525  3.51738033  4.57523112 13.          0.59979406
  3.79966342]",16.852064778564873,2.684672936430324,13008433.6,16.849296312132466,2.699925869918794,13004700.691702768
336,C2H6O2,"[53.          9.48618734  4.30800733  4.63153435 17.          0.85453328
  5.92945521]",16.041134501320556,3.1879990192088643,13430774.2,16.04114748390954,3.1904357709532043,13428495.478801314
337,C2H6O2,"[79.          3.26604066  4.74312126  3.10614817 11.          0.26639651
  5.02391083]",15.385727549237666,2.2126830913518103,7914019.45,15.384918871289216,2.224383752423485,7918680.032363605
338,C2H6O2,"[60.          1.46330876  4.19661616  7.3578612  11.          0.46081077
  4.7236319 ]",15.15874516883101,0.7601212873214452,12154861.4,15.15868716699009,0.7530084594569857,12141767.62079269
339,C2H6O2,"[80.          3.17849744  5.18033887  6.33133731 11.          1.51078943
  4.41945783]",14.882623835453831,1.8392634950771,12849021.8,14.88323767800906,1.8425653461342306,12856319.608048405
340,C2H6O2,"[41.          6.31803649  5.1939109   1.1161148  14.          0.6076924
  5.11293198]",7.436539370388249,7.322938047483238,5507756.09,7.449344054738902,7.314629539664998,5514445.031532021
341,C2H6O2,"[47.          7.21843964  4.46683837  7.55710992  9.          0.81391943
  3.7836838 ]",15.760421064018754,0.9322664216146231,14492505.8,15.761907548870115,0.9305988477424743,14505242.225320475
342,C2H6O2,"[77.          8.89605418  4.14485407  5.61988832 18.          1.19936146
  4.82412645]",16.16938885058006,2.9101646998355353,14847133.1,16.16894798089922,2.8835192821765516,14841161.98267519
343,C2H6O2,"[49.          1.83792491  5.74303939  7.3029264  16.          0.81025362
  4.37302394]",14.175046036153448,0.5773919042474429,15937744.0,14.176053895174283,0.5798824397114442,15894764.186018763
344,C2H6O2,"[69.          9.07399234  5.71771606  6.45912882 16.          0.35145194
  3.90407179]",14.820632137616325,0.08840483975127901,17197615.7,14.820884785481594,0.08805493123586716,17164833.504679747
345,C2H6O2,"[62.          7.22705678  5.12990315  2.56988517 17.          0.62704836
  4.31349925]",15.320588232850312,4.702756356860728,8823063.45,15.323239436537843,4.746092415977504,8810438.1609952
346,C2H6O2,"[70.          6.84669609  5.62305853  5.60329025 15.          0.36861458
  4.41928951]",14.842732492606826,0.4753479042007477,11652002.9,14.842509876696086,0.4424262871314144,11685791.894912904
347,C2H6O2,"[50.          3.19590679  5.93252639  3.75168407 19.          1.33604953
  5.48702826]",14.429846017061793,4.0109894059016264,8653549.55,14.431481830368144,4.024216396775321,8661411.047194056
348,C2H6O2,"[60.          6.19213496  4.73129423  2.36670091 17.          0.70539025
  3.56078992]",15.62339924497159,6.886487658613333,8196992.72,15.618004297005243,6.8366145250282955,8200707.549762848
349,C2H6O2,"[66.          2.59399611  5.85114646  7.67750004 19.          0.86628566
  3.53864154]",14.272794781846066,0.3119775413227769,16638818.2,14.274578854217763,0.3116710549478068,16637793.63888349
350,C2H6O2,"[78.          4.85365733  5.91663705  7.74533984 19.          0.73000801
  4.46274432]",14.482989478706717,0.2512523424265649,18575223.7,14.48311268137224,0.236083789032004,18584325.76947784
351,C2H6O2,"[74.          3.85229805  3.92373187  4.89760884 20.          1.45285363
  4.92515293]",16.13829826023575,5.092486543771913,11337788.5,16.1362704953211,5.087245072198257,11342721.790898856
352,C2H6O2,"[68.          7.32235676  4.39872788  3.05514291 18.          1.65820411
  5.6676808 ]",15.94414222512799,7.714151247384104,10576920.5,15.944470041527149,7.697654224381373,10574116.897532817
353,C2H6O2,"[77.          5.60208159  4.75379074  6.58806625 16.          1.46354038
  5.48948167]",15.45026608319732,2.252406095755239,14730941.8,15.451187448940372,2.276911312937248,14732765.175874129
354,C2H6O2,"[62.          3.57887127  4.97708315  1.21350175  8.          1.68068101
  4.4004766 ]",13.902157447640793,7.583997230169828,6039541.71,13.91083299660113,7.566725864742504,6044011.021360003
355,C2H6O2,"[45.          5.70018934  5.42498388  2.51074719 16.          0.35362544
  3.6292043 ]",14.09919985611969,3.004355069928353,7033244.92,14.096267561403785,3.0384470316135026,7042797.993484503
356,C2H6O2,"[61.          5.86571609  5.09357475  6.08263934 20.          1.12934063
  4.30739118]",15.197812646788051,1.65683115088221,12856913.9,15.197777307837109,1.6519725694276615,12856427.836506622
357,C2H6O2,"[72.          3.43749026  4.59742855  1.54919467  8.          1.93276715
  5.5899503 ]",15.617320198067526,6.416581476815925,6801702.46,15.61788186815367,6.412392857174382,6802356.759513813
358,C2H6O2,"[68.          4.6805765   3.9332358   2.0950593  11.          1.188608
  5.28648981]",16.328816600772342,6.415269796447794,7908183.97,16.32195731695406,6.425006213376676,7906572.271530512
359,C2H6O2,"[67.          3.51940507  5.8871632   6.16527842 15.          1.30109734
  4.54900016]",14.420646315219368,1.4395819780611596,15688117.2,14.419155209975175,1.4373237908660197,15670458.866453566
360,C2H6O2,"[50.          4.20375411  5.39461528  1.10075442  9.          0.28280476
  3.60182201]",10.115156265405654,6.429446430449919,4758646.38,10.136881045485865,6.417565732130532,4770375.1593496185
361,C2H6O2,"[75.          7.33292073  4.68543457  1.68483912 14.          1.05224919
  3.93300467]",15.767438637480574,10.012699712467825,8611323.81,15.76544794788985,9.95828883991729,8593384.178578818
362,C2H6O2,"[57.          4.58654261  5.03962525  5.44565556  8.          0.87430271
  5.06464979]",15.178088136559492,1.6080639657492446,11336682.8,15.17707903779948,1.6123277514501717,11322348.92902406
363,C2H6O2,"[60.          8.70840857  5.14673408  2.14054099  8.          1.3563547
  3.56627828]",14.936368129595168,6.030477340113423,8739019.18,14.93323286257893,6.014314385212591,8740488.33888875
364,C2H6O2,"[40.          1.84998665  5.20751693  1.49832054 12.          1.72077556
  3.55817984]",11.410628594365782,10.278495790241541,5305388.67,11.41314427113287,10.267889590304875,5308159.571066737
365,C2H6O2,"[73.          3.53669297  3.79541207  5.87716016 16.          1.77944962
  5.33767761]",16.16938885058006,4.269769381848517,12769368.4,16.171461643260983,4.310055299353758,12753086.032160267
366,C2H6O2,"[72.          3.53831115  3.94359886  6.25430326 18.          1.98290926
  4.53154419]",15.995877905023546,4.334206345847168,13256867.9,15.997568627091844,4.3252817206983245,13256364.497248083
367,C2H6O2,"[55.          7.98771665  4.35200885  7.51530128 19.          0.97218925
  5.37717767]",15.902984146972381,1.5760695504290263,16574677.7,15.904870277231193,1.5933246684473272,16570231.096692707
368,C2H6O2,"[70.          1.92811482  5.75638227  4.53676661 18.          0.77608928
  5.73880807]",14.275959343359528,1.8034853328458145,9461903.61,14.276346359281703,1.7841691897598801,9447830.671635244
369,C2H6O2,"[55.          1.09753886  5.76345494  1.63900674 12.          1.91011154
  5.87651787]",14.09787271494917,7.75910339818139,5153228.81,14.098629123235186,7.759859047728935,5157497.986207992
370,C2H6O2,"[63.          6.68653491  4.6211138   3.0524754  12.          1.41053322
  5.38093632]",15.71931938196846,5.39847685329167,10103597.6,15.699817813941886,5.393099054813657,10078892.988724284
371,C2H6O2,"[72.          8.10656329  3.72801526  4.46094213  8.          1.18915199
  4.60382625]",16.612391910934427,3.2224828882993957,12868929.8,16.620127001222425,3.2072458446260628,12878355.532774141
372,C2H6O2,"[43.          7.30872218  3.68190752  6.75302042 17.          0.34642781
  3.71209429]",16.564382690113092,0.9682221861745599,13136363.1,16.56163087350066,0.9913421020082649,13143272.429875556
373,C2H6O2,"[80.          4.36843716  4.42660537  6.68959697 20.          1.97480191
  5.38344546]",15.635669339897708,3.401319580313135,14703250.4,15.633902131513139,3.3981397883293463,14722520.732114093
374,C2H6O2,"[55.          1.75150645  5.44286729  4.90882975 13.          1.83143789
  3.77799371]",14.42247949724917,3.278428963874677,10221756.1,14.420570117331138,3.2744220711260628,10231427.556805216
375,C2H6O2,"[60.          1.1021828   4.6716516   1.39412293  9.          0.41154724
  5.12302576]",14.983472613847253,5.3455679591012055,4525361.18,14.984925262811043,5.345598593124986,4537860.694974354
376,C2H6O2,"[70.          6.25031889  5.90543137  3.62409406 11.          1.76347843
  4.0589896 ]",14.66180848909177,4.109604187274586,10165639.6,14.662891230830184,4.112581943252434,10182303.39864206
377,C2H6O2,"[43.          5.98468856  5.92325634  4.66168491 16.          1.45234764
  4.63635266]",14.609583205149185,2.85909359107388,10805082.5,14.609646563336518,2.8230605420007917,10791694.295008658
378,C2H6O2,"[65.          6.25882881  5.75289503  1.31812466 11.          1.91074067
  5.72565946]",13.200863756558544,7.763702730434591,6614298.83,13.20697620783165,7.771568151296522,6627588.831655475
379,C2H6O2,"[58.          6.58119338  4.19345296  2.31684812 14.          0.83603401
  4.95914028]",16.108145218807078,6.948594268612679,8587324.73,16.10949030073179,6.920933403188839,8610505.93234931
380,C2H6O2,"[43.          9.76955327  5.96552686  5.887132   14.          0.75714971
  5.53448755]",14.66180848909177,1.074353488549436,13725962.1,14.661592681511976,1.0713653057789974,13718753.978152014
381,C2H6O2,"[68.          2.46355245  5.77731796  6.7577607  20.          1.50629512
  5.03353799]",14.319691034986334,1.5898864871210314,16727207.0,14.318202641389343,1.5849978885941134,16699958.303437116
382,C2H6O2,"[57.          9.39455635  5.66515972  1.31653069  8.          0.87763406
  5.52638333]",9.972062379325216,5.794619918485702,7060238.02,9.98213334674118,5.789723510514291,7070071.256688461
383,C2H6O2,"[80.          2.35375202  4.98532679  3.666236   20.          1.71581406
  5.59582176]",14.999680428976113,6.2207361182660375,8815141.13,14.999784285042967,6.216435050900147,8817993.758235937
384,C2H6O2,"[80.          5.99888535  5.42246854  7.61336011 19.          0.64522658
  4.62636034]",14.912124509997408,0.3539699530582124,19063401.9,14.91363868735784,0.36038032575299406,19003323.522082083
385,C2H6O2,"[44.          7.04415876  4.80076925  6.40622874 14.          1.7339267
  4.8797671 ]",15.486823686052256,2.8181864464976014,14161669.3,15.487817614657242,2.8397603122021087,14195268.33093898
386,C2H6O2,"[62.          8.88988242  4.50870717  1.9381066   8.          1.55924706
  5.05077388]",14.856797426989013,5.87288198154821,9866658.79,14.85366962578467,5.879464830628264,9854929.715823857
387,C2H6O2,"[68.          2.91667745  3.84092869  1.10181266 12.          1.26185184
  4.48061011]",14.865332332513436,10.183348863959889,5605928.42,14.871260432720556,10.152148330116944,5623688.473625696
388,C2H6O2,"[57.          9.13742825  4.37063867  4.59792642 18.          0.91377701
  5.05521675]",15.969675529409306,3.2198403237017086,13104501.3,15.968598952304783,3.215092147018545,13094013.754769633
389,C2H6O2,"[75.          9.54568561  3.8676837   7.48611338 14.          0.6648399
  4.64783939]",16.432806322183733,1.1449563103718363,16973467.4,16.430984479078216,1.1574231355198732,16981415.139418676
390,C2H6O2,"[80.          5.43356285  4.32187903  5.43380598 11.          0.33655399
  3.8221993 ]",15.863453303465608,0.8667859104640762,11215662.0,15.861315510681115,0.8605288334155863,11209442.035684787
391,C2H6O2,"[45.          2.36712424  3.84706793  5.48612321 10.          0.82220111
  5.74197102]",15.886983804080716,2.422452747514151,10887950.0,15.88846482287791,2.4215636142762476,10880452.474492056
392,C2H6O2,"[59.          7.00801965  3.93079968  2.34602313  8.          0.50408311
  4.19647585]",16.392532421186434,4.43650288047095,9248258.56,16.39020602201479,4.4466060075087865,9246625.048563924
393,C2H6O2,"[47.          1.7983228   3.80158968  4.22545138 10.          0.85568575
  4.75854318]",15.825425903107584,3.4828655294433895,8795167.26,15.82562036933468,3.4774723708557294,8802217.676485194
394,C2H6O2,"[68.          1.35380926  5.498526    5.39530273  9.          1.77244152
  5.802181  ]",14.204117870959017,2.3639968697121656,11154076.1,14.20555087772979,2.3709770029942154,11167897.668508075
395,C2H6O2,"[42.          3.49189883  5.5155032   6.23781783 10.          0.57682878
  4.42618026]",14.678260100778951,0.7045701804603741,11101902.8,14.676353738957047,0.6878221653499872,11142703.226808095
396,C2H6O2,"[59.          6.56429294  4.4222841   4.23774301 17.          0.26602977
  4.13109236]",15.863453303465608,1.4753618884772388,10614083.4,15.865334525047178,1.5130788353558664,10607712.89656844
397,C2H6O2,"[69.          9.05686154  4.77919361  4.7247944   9.          1.00534226
  4.83154317]",15.599301689408646,2.243849342924615,12676318.6,15.597851344514805,2.2498705233241933,12678991.686234899
398,C2H6O2,"[49.          3.42318908  4.44321041  1.14049838 12.          0.58060641
  4.31874338]",10.800494629021111,8.98473824501861,5276086.39,10.807470332074434,8.97055328549445,5276987.052130158
399,C2H6O2,"[44.          9.01474553  4.98398113  5.75371623 18.          1.09719596
  3.71730072]",15.40025565292816,1.7985018383635678,13119187.7,15.40191940042943,1.8108950393048295,13132858.492563644
400,C2H6O2,"[62.          6.28157006  5.36359869  4.02161682  9.          0.71079663
  4.40770574]",15.053384623917951,1.9843293950180727,9738074.92,15.058136792024106,2.001679080935431,9779045.804407366
401,C2H6O2,"[66.          6.13700474  4.39024181  7.90560674 15.          0.62700823
  3.75445618]",15.767438637480574,0.553898539124802,14627659.9,15.765333364070539,0.5556446844602712,14637690.598191308
402,C2H6O2,"[46.          3.21361956  3.90170343  2.30596917 11.          0.51207247
  5.74191356]",15.995877905023546,5.027851452929636,7007028.6,15.98917627152434,5.038085414268076,7013052.884350023
403,C2H6O2,"[43.          5.72060251  4.52599207  7.87665032  9.          0.91614008
  5.92367608]",15.617320198067526,1.1749682672201711,15792817.1,15.61544954603993,1.1849844512825696,15793901.760286443
404,C2H6O2,"[63.          3.51981184  5.42373233  2.30930624 12.          0.96578559
  4.76902595]",14.897265390682884,5.726776446607777,6690319.76,14.892898110416036,5.748674002007174,6679928.369763201
405,C2H6O2,"[61.          1.46641183  4.3415107   1.94090274  8.          1.98192842
  4.30588461]",15.405145639084303,6.765058731734122,6695666.43,15.400951293507719,6.76454395083466,6690212.079091471
406,C2H6O2,"[73.          3.29176589  5.20375681  6.32159502 15.          1.04883714
  4.52960229]",14.87972107487819,1.3455555798270178,12404956.2,14.879567534403344,1.3107516735369529,12425576.069072455
407,C2H6O2,"[54.          9.3657623   5.57654852  7.75518837  9.          1.51556146
  5.84585114]",14.912124509997408,1.3280004776376946,21802106.4,14.910898928799769,1.3294511002807892,21785890.051641516
408,C2H6O2,"[47.          1.59846641  5.35280162  5.02131179 18.          0.45159028
  5.48816828]",14.426155974078647,1.211095552310548,9313333.84,14.426765996487184,1.2187564020859138,9322558.11893171
409,C2H6O2,"[48.          2.47290349  3.91066449  6.70202304 16.          1.14151776
  4.39707621]",15.788791765142385,2.443945091273793,12366282.8,15.78593895455003,2.4568906896520724,12338652.624190383
410,C2H6O2,"[70.          5.52448351  4.08053174  7.29702201 12.          1.17839515
  5.76618028]",16.041134501320556,1.9519478064228548,15564958.5,16.039869937444703,1.9513955102163245,15597577.032525389
411,C2H6O2,"[65.          2.05208237  5.84958031  5.39395637 12.          0.45068973
  5.48506297]",14.215987454507564,0.7590122722441656,10316390.6,14.21710728312635,0.757443637478135,10326475.606049238
412,C2H6O2,"[65.          5.80114983  5.73473146  6.52018048  9.          0.76109972
  4.12122285]",14.697399449245113,0.6379992526144467,16296504.7,14.69723636172452,0.63520495336904,16257453.851481665
413,C2H6O2,"[70.          1.30179191  4.92472421  6.3372108  19.          0.81574715
  5.55314326]",14.553654626400537,1.364009809562856,11851882.1,14.55621564111007,1.3765327477449498,11874670.549491903
